"<selenium.webdriver.remote.webelement.WebElement (session=""c8f4f7b4a374e6a8e9b84843a58894f0"", element=""52118392-35dd-445b-9c7e-3c571752ac25"")>","<selenium.webdriver.remote.webelement.WebElement (session=""c8f4f7b4a374e6a8e9b84843a58894f0"", element=""ffa5076e-460f-44da-9fab-021660abc3f1"")>","<selenium.webdriver.remote.webelement.WebElement (session=""c8f4f7b4a374e6a8e9b84843a58894f0"", element=""7738b54a-a342-41bb-877d-e4c5c09ab4ee"")>","<selenium.webdriver.remote.webelement.WebElement (session=""c8f4f7b4a374e6a8e9b84843a58894f0"", element=""cb902086-466d-496b-81d9-ee58a2645c87"")>","<selenium.webdriver.remote.webelement.WebElement (session=""c8f4f7b4a374e6a8e9b84843a58894f0"", element=""3a5c90a8-a043-41ac-9a07-4f34b510f8b4"")>","<selenium.webdriver.remote.webelement.WebElement (session=""c8f4f7b4a374e6a8e9b84843a58894f0"", element=""c7af899c-6fdd-4ff6-b7b9-3769188bfe71"")>","<selenium.webdriver.remote.webelement.WebElement (session=""c8f4f7b4a374e6a8e9b84843a58894f0"", element=""69501886-5889-4b2e-b6b1-3e0f91fdd44b"")>","<selenium.webdriver.remote.webelement.WebElement (session=""c8f4f7b4a374e6a8e9b84843a58894f0"", element=""0aca678c-6509-4a5c-ac55-bddc2f21f929"")>","<selenium.webdriver.remote.webelement.WebElement (session=""c8f4f7b4a374e6a8e9b84843a58894f0"", element=""3321e59e-2482-4e9c-b9ae-121d37caa5c1"")>","<selenium.webdriver.remote.webelement.WebElement (session=""c8f4f7b4a374e6a8e9b84843a58894f0"", element=""5336e83d-f301-44a6-bda1-026f5a2960a8"")>","<selenium.webdriver.remote.webelement.WebElement (session=""c8f4f7b4a374e6a8e9b84843a58894f0"", element=""2357af7d-56ce-46d4-962e-6cc7caada49c"")>"
"<selenium.webdriver.remote.webelement.WebElement (session=""c8f4f7b4a374e6a8e9b84843a58894f0"", element=""52a4fa7c-b489-49d6-ba29-2db650a24605"")>","<selenium.webdriver.remote.webelement.WebElement (session=""c8f4f7b4a374e6a8e9b84843a58894f0"", element=""52a4fa7c-b489-49d6-ba29-2db650a24605"")>","<selenium.webdriver.remote.webelement.WebElement (session=""c8f4f7b4a374e6a8e9b84843a58894f0"", element=""52a4fa7c-b489-49d6-ba29-2db650a24605"")>","<selenium.webdriver.remote.webelement.WebElement (session=""c8f4f7b4a374e6a8e9b84843a58894f0"", element=""52a4fa7c-b489-49d6-ba29-2db650a24605"")>","<selenium.webdriver.remote.webelement.WebElement (session=""c8f4f7b4a374e6a8e9b84843a58894f0"", element=""52a4fa7c-b489-49d6-ba29-2db650a24605"")>","<selenium.webdriver.remote.webelement.WebElement (session=""c8f4f7b4a374e6a8e9b84843a58894f0"", element=""52a4fa7c-b489-49d6-ba29-2db650a24605"")>","<selenium.webdriver.remote.webelement.WebElement (session=""c8f4f7b4a374e6a8e9b84843a58894f0"", element=""52a4fa7c-b489-49d6-ba29-2db650a24605"")>","<selenium.webdriver.remote.webelement.WebElement (session=""c8f4f7b4a374e6a8e9b84843a58894f0"", element=""52a4fa7c-b489-49d6-ba29-2db650a24605"")>","<selenium.webdriver.remote.webelement.WebElement (session=""c8f4f7b4a374e6a8e9b84843a58894f0"", element=""52a4fa7c-b489-49d6-ba29-2db650a24605"")>","<selenium.webdriver.remote.webelement.WebElement (session=""c8f4f7b4a374e6a8e9b84843a58894f0"", element=""52a4fa7c-b489-49d6-ba29-2db650a24605"")>","<selenium.webdriver.remote.webelement.WebElement (session=""c8f4f7b4a374e6a8e9b84843a58894f0"", element=""52a4fa7c-b489-49d6-ba29-2db650a24605"")>"
"<selenium.webdriver.remote.webelement.WebElement (session=""c8f4f7b4a374e6a8e9b84843a58894f0"", element=""a24a5fc8-fd9a-419d-8451-e3f7f90f1e83"")>","<selenium.webdriver.remote.webelement.WebElement (session=""c8f4f7b4a374e6a8e9b84843a58894f0"", element=""a24a5fc8-fd9a-419d-8451-e3f7f90f1e83"")>","<selenium.webdriver.remote.webelement.WebElement (session=""c8f4f7b4a374e6a8e9b84843a58894f0"", element=""a24a5fc8-fd9a-419d-8451-e3f7f90f1e83"")>","<selenium.webdriver.remote.webelement.WebElement (session=""c8f4f7b4a374e6a8e9b84843a58894f0"", element=""a24a5fc8-fd9a-419d-8451-e3f7f90f1e83"")>","<selenium.webdriver.remote.webelement.WebElement (session=""c8f4f7b4a374e6a8e9b84843a58894f0"", element=""a24a5fc8-fd9a-419d-8451-e3f7f90f1e83"")>","<selenium.webdriver.remote.webelement.WebElement (session=""c8f4f7b4a374e6a8e9b84843a58894f0"", element=""a24a5fc8-fd9a-419d-8451-e3f7f90f1e83"")>","<selenium.webdriver.remote.webelement.WebElement (session=""c8f4f7b4a374e6a8e9b84843a58894f0"", element=""a24a5fc8-fd9a-419d-8451-e3f7f90f1e83"")>","<selenium.webdriver.remote.webelement.WebElement (session=""c8f4f7b4a374e6a8e9b84843a58894f0"", element=""a24a5fc8-fd9a-419d-8451-e3f7f90f1e83"")>","<selenium.webdriver.remote.webelement.WebElement (session=""c8f4f7b4a374e6a8e9b84843a58894f0"", element=""a24a5fc8-fd9a-419d-8451-e3f7f90f1e83"")>","<selenium.webdriver.remote.webelement.WebElement (session=""c8f4f7b4a374e6a8e9b84843a58894f0"", element=""a24a5fc8-fd9a-419d-8451-e3f7f90f1e83"")>","<selenium.webdriver.remote.webelement.WebElement (session=""c8f4f7b4a374e6a8e9b84843a58894f0"", element=""a24a5fc8-fd9a-419d-8451-e3f7f90f1e83"")>"
"<selenium.webdriver.remote.webelement.WebElement (session=""c8f4f7b4a374e6a8e9b84843a58894f0"", element=""2570c26b-3e2d-4091-a202-bdcdcae18cdf"")>","<selenium.webdriver.remote.webelement.WebElement (session=""c8f4f7b4a374e6a8e9b84843a58894f0"", element=""2570c26b-3e2d-4091-a202-bdcdcae18cdf"")>","<selenium.webdriver.remote.webelement.WebElement (session=""c8f4f7b4a374e6a8e9b84843a58894f0"", element=""2570c26b-3e2d-4091-a202-bdcdcae18cdf"")>","<selenium.webdriver.remote.webelement.WebElement (session=""c8f4f7b4a374e6a8e9b84843a58894f0"", element=""2570c26b-3e2d-4091-a202-bdcdcae18cdf"")>","<selenium.webdriver.remote.webelement.WebElement (session=""c8f4f7b4a374e6a8e9b84843a58894f0"", element=""2570c26b-3e2d-4091-a202-bdcdcae18cdf"")>","<selenium.webdriver.remote.webelement.WebElement (session=""c8f4f7b4a374e6a8e9b84843a58894f0"", element=""2570c26b-3e2d-4091-a202-bdcdcae18cdf"")>","<selenium.webdriver.remote.webelement.WebElement (session=""c8f4f7b4a374e6a8e9b84843a58894f0"", element=""2570c26b-3e2d-4091-a202-bdcdcae18cdf"")>","<selenium.webdriver.remote.webelement.WebElement (session=""c8f4f7b4a374e6a8e9b84843a58894f0"", element=""2570c26b-3e2d-4091-a202-bdcdcae18cdf"")>","<selenium.webdriver.remote.webelement.WebElement (session=""c8f4f7b4a374e6a8e9b84843a58894f0"", element=""2570c26b-3e2d-4091-a202-bdcdcae18cdf"")>","<selenium.webdriver.remote.webelement.WebElement (session=""c8f4f7b4a374e6a8e9b84843a58894f0"", element=""2570c26b-3e2d-4091-a202-bdcdcae18cdf"")>","<selenium.webdriver.remote.webelement.WebElement (session=""c8f4f7b4a374e6a8e9b84843a58894f0"", element=""2570c26b-3e2d-4091-a202-bdcdcae18cdf"")>"
"<selenium.webdriver.remote.webelement.WebElement (session=""c8f4f7b4a374e6a8e9b84843a58894f0"", element=""2caf7318-61b2-46bf-b94e-93b3caa10578"")>","<selenium.webdriver.remote.webelement.WebElement (session=""c8f4f7b4a374e6a8e9b84843a58894f0"", element=""2caf7318-61b2-46bf-b94e-93b3caa10578"")>","<selenium.webdriver.remote.webelement.WebElement (session=""c8f4f7b4a374e6a8e9b84843a58894f0"", element=""2caf7318-61b2-46bf-b94e-93b3caa10578"")>","<selenium.webdriver.remote.webelement.WebElement (session=""c8f4f7b4a374e6a8e9b84843a58894f0"", element=""2caf7318-61b2-46bf-b94e-93b3caa10578"")>","<selenium.webdriver.remote.webelement.WebElement (session=""c8f4f7b4a374e6a8e9b84843a58894f0"", element=""2caf7318-61b2-46bf-b94e-93b3caa10578"")>","<selenium.webdriver.remote.webelement.WebElement (session=""c8f4f7b4a374e6a8e9b84843a58894f0"", element=""2caf7318-61b2-46bf-b94e-93b3caa10578"")>","<selenium.webdriver.remote.webelement.WebElement (session=""c8f4f7b4a374e6a8e9b84843a58894f0"", element=""2caf7318-61b2-46bf-b94e-93b3caa10578"")>","<selenium.webdriver.remote.webelement.WebElement (session=""c8f4f7b4a374e6a8e9b84843a58894f0"", element=""2caf7318-61b2-46bf-b94e-93b3caa10578"")>","<selenium.webdriver.remote.webelement.WebElement (session=""c8f4f7b4a374e6a8e9b84843a58894f0"", element=""2caf7318-61b2-46bf-b94e-93b3caa10578"")>","<selenium.webdriver.remote.webelement.WebElement (session=""c8f4f7b4a374e6a8e9b84843a58894f0"", element=""2caf7318-61b2-46bf-b94e-93b3caa10578"")>","<selenium.webdriver.remote.webelement.WebElement (session=""c8f4f7b4a374e6a8e9b84843a58894f0"", element=""2caf7318-61b2-46bf-b94e-93b3caa10578"")>"
"<selenium.webdriver.remote.webelement.WebElement (session=""c8f4f7b4a374e6a8e9b84843a58894f0"", element=""cbeb2b7d-fa48-4c4b-be32-096ec86b2569"")>","<selenium.webdriver.remote.webelement.WebElement (session=""c8f4f7b4a374e6a8e9b84843a58894f0"", element=""cbeb2b7d-fa48-4c4b-be32-096ec86b2569"")>","<selenium.webdriver.remote.webelement.WebElement (session=""c8f4f7b4a374e6a8e9b84843a58894f0"", element=""cbeb2b7d-fa48-4c4b-be32-096ec86b2569"")>","<selenium.webdriver.remote.webelement.WebElement (session=""c8f4f7b4a374e6a8e9b84843a58894f0"", element=""cbeb2b7d-fa48-4c4b-be32-096ec86b2569"")>","<selenium.webdriver.remote.webelement.WebElement (session=""c8f4f7b4a374e6a8e9b84843a58894f0"", element=""cbeb2b7d-fa48-4c4b-be32-096ec86b2569"")>","<selenium.webdriver.remote.webelement.WebElement (session=""c8f4f7b4a374e6a8e9b84843a58894f0"", element=""cbeb2b7d-fa48-4c4b-be32-096ec86b2569"")>","<selenium.webdriver.remote.webelement.WebElement (session=""c8f4f7b4a374e6a8e9b84843a58894f0"", element=""cbeb2b7d-fa48-4c4b-be32-096ec86b2569"")>","<selenium.webdriver.remote.webelement.WebElement (session=""c8f4f7b4a374e6a8e9b84843a58894f0"", element=""cbeb2b7d-fa48-4c4b-be32-096ec86b2569"")>","<selenium.webdriver.remote.webelement.WebElement (session=""c8f4f7b4a374e6a8e9b84843a58894f0"", element=""cbeb2b7d-fa48-4c4b-be32-096ec86b2569"")>","<selenium.webdriver.remote.webelement.WebElement (session=""c8f4f7b4a374e6a8e9b84843a58894f0"", element=""cbeb2b7d-fa48-4c4b-be32-096ec86b2569"")>","<selenium.webdriver.remote.webelement.WebElement (session=""c8f4f7b4a374e6a8e9b84843a58894f0"", element=""cbeb2b7d-fa48-4c4b-be32-096ec86b2569"")>"
"<selenium.webdriver.remote.webelement.WebElement (session=""c8f4f7b4a374e6a8e9b84843a58894f0"", element=""8516a5cf-6a9b-4dd8-a3e5-ab57a24e946f"")>","<selenium.webdriver.remote.webelement.WebElement (session=""c8f4f7b4a374e6a8e9b84843a58894f0"", element=""8516a5cf-6a9b-4dd8-a3e5-ab57a24e946f"")>","<selenium.webdriver.remote.webelement.WebElement (session=""c8f4f7b4a374e6a8e9b84843a58894f0"", element=""8516a5cf-6a9b-4dd8-a3e5-ab57a24e946f"")>","<selenium.webdriver.remote.webelement.WebElement (session=""c8f4f7b4a374e6a8e9b84843a58894f0"", element=""8516a5cf-6a9b-4dd8-a3e5-ab57a24e946f"")>","<selenium.webdriver.remote.webelement.WebElement (session=""c8f4f7b4a374e6a8e9b84843a58894f0"", element=""8516a5cf-6a9b-4dd8-a3e5-ab57a24e946f"")>","<selenium.webdriver.remote.webelement.WebElement (session=""c8f4f7b4a374e6a8e9b84843a58894f0"", element=""8516a5cf-6a9b-4dd8-a3e5-ab57a24e946f"")>","<selenium.webdriver.remote.webelement.WebElement (session=""c8f4f7b4a374e6a8e9b84843a58894f0"", element=""8516a5cf-6a9b-4dd8-a3e5-ab57a24e946f"")>","<selenium.webdriver.remote.webelement.WebElement (session=""c8f4f7b4a374e6a8e9b84843a58894f0"", element=""8516a5cf-6a9b-4dd8-a3e5-ab57a24e946f"")>","<selenium.webdriver.remote.webelement.WebElement (session=""c8f4f7b4a374e6a8e9b84843a58894f0"", element=""8516a5cf-6a9b-4dd8-a3e5-ab57a24e946f"")>","<selenium.webdriver.remote.webelement.WebElement (session=""c8f4f7b4a374e6a8e9b84843a58894f0"", element=""8516a5cf-6a9b-4dd8-a3e5-ab57a24e946f"")>","<selenium.webdriver.remote.webelement.WebElement (session=""c8f4f7b4a374e6a8e9b84843a58894f0"", element=""8516a5cf-6a9b-4dd8-a3e5-ab57a24e946f"")>"
"<selenium.webdriver.remote.webelement.WebElement (session=""c8f4f7b4a374e6a8e9b84843a58894f0"", element=""46c6aa2d-e109-4141-bf09-2db574be260f"")>","<selenium.webdriver.remote.webelement.WebElement (session=""c8f4f7b4a374e6a8e9b84843a58894f0"", element=""46c6aa2d-e109-4141-bf09-2db574be260f"")>","<selenium.webdriver.remote.webelement.WebElement (session=""c8f4f7b4a374e6a8e9b84843a58894f0"", element=""46c6aa2d-e109-4141-bf09-2db574be260f"")>","<selenium.webdriver.remote.webelement.WebElement (session=""c8f4f7b4a374e6a8e9b84843a58894f0"", element=""46c6aa2d-e109-4141-bf09-2db574be260f"")>","<selenium.webdriver.remote.webelement.WebElement (session=""c8f4f7b4a374e6a8e9b84843a58894f0"", element=""46c6aa2d-e109-4141-bf09-2db574be260f"")>","<selenium.webdriver.remote.webelement.WebElement (session=""c8f4f7b4a374e6a8e9b84843a58894f0"", element=""46c6aa2d-e109-4141-bf09-2db574be260f"")>","<selenium.webdriver.remote.webelement.WebElement (session=""c8f4f7b4a374e6a8e9b84843a58894f0"", element=""46c6aa2d-e109-4141-bf09-2db574be260f"")>","<selenium.webdriver.remote.webelement.WebElement (session=""c8f4f7b4a374e6a8e9b84843a58894f0"", element=""46c6aa2d-e109-4141-bf09-2db574be260f"")>","<selenium.webdriver.remote.webelement.WebElement (session=""c8f4f7b4a374e6a8e9b84843a58894f0"", element=""46c6aa2d-e109-4141-bf09-2db574be260f"")>","<selenium.webdriver.remote.webelement.WebElement (session=""c8f4f7b4a374e6a8e9b84843a58894f0"", element=""46c6aa2d-e109-4141-bf09-2db574be260f"")>","<selenium.webdriver.remote.webelement.WebElement (session=""c8f4f7b4a374e6a8e9b84843a58894f0"", element=""46c6aa2d-e109-4141-bf09-2db574be260f"")>"
"<selenium.webdriver.remote.webelement.WebElement (session=""c8f4f7b4a374e6a8e9b84843a58894f0"", element=""7f9021fb-6210-41cd-b227-bd61b430407e"")>","<selenium.webdriver.remote.webelement.WebElement (session=""c8f4f7b4a374e6a8e9b84843a58894f0"", element=""7f9021fb-6210-41cd-b227-bd61b430407e"")>","<selenium.webdriver.remote.webelement.WebElement (session=""c8f4f7b4a374e6a8e9b84843a58894f0"", element=""7f9021fb-6210-41cd-b227-bd61b430407e"")>","<selenium.webdriver.remote.webelement.WebElement (session=""c8f4f7b4a374e6a8e9b84843a58894f0"", element=""7f9021fb-6210-41cd-b227-bd61b430407e"")>","<selenium.webdriver.remote.webelement.WebElement (session=""c8f4f7b4a374e6a8e9b84843a58894f0"", element=""7f9021fb-6210-41cd-b227-bd61b430407e"")>","<selenium.webdriver.remote.webelement.WebElement (session=""c8f4f7b4a374e6a8e9b84843a58894f0"", element=""7f9021fb-6210-41cd-b227-bd61b430407e"")>","<selenium.webdriver.remote.webelement.WebElement (session=""c8f4f7b4a374e6a8e9b84843a58894f0"", element=""7f9021fb-6210-41cd-b227-bd61b430407e"")>","<selenium.webdriver.remote.webelement.WebElement (session=""c8f4f7b4a374e6a8e9b84843a58894f0"", element=""7f9021fb-6210-41cd-b227-bd61b430407e"")>","<selenium.webdriver.remote.webelement.WebElement (session=""c8f4f7b4a374e6a8e9b84843a58894f0"", element=""7f9021fb-6210-41cd-b227-bd61b430407e"")>","<selenium.webdriver.remote.webelement.WebElement (session=""c8f4f7b4a374e6a8e9b84843a58894f0"", element=""7f9021fb-6210-41cd-b227-bd61b430407e"")>","<selenium.webdriver.remote.webelement.WebElement (session=""c8f4f7b4a374e6a8e9b84843a58894f0"", element=""7f9021fb-6210-41cd-b227-bd61b430407e"")>"
"<selenium.webdriver.remote.webelement.WebElement (session=""c8f4f7b4a374e6a8e9b84843a58894f0"", element=""a1a8a992-45e5-482f-8a17-c203e997fd90"")>","<selenium.webdriver.remote.webelement.WebElement (session=""c8f4f7b4a374e6a8e9b84843a58894f0"", element=""a1a8a992-45e5-482f-8a17-c203e997fd90"")>","<selenium.webdriver.remote.webelement.WebElement (session=""c8f4f7b4a374e6a8e9b84843a58894f0"", element=""a1a8a992-45e5-482f-8a17-c203e997fd90"")>","<selenium.webdriver.remote.webelement.WebElement (session=""c8f4f7b4a374e6a8e9b84843a58894f0"", element=""a1a8a992-45e5-482f-8a17-c203e997fd90"")>","<selenium.webdriver.remote.webelement.WebElement (session=""c8f4f7b4a374e6a8e9b84843a58894f0"", element=""a1a8a992-45e5-482f-8a17-c203e997fd90"")>","<selenium.webdriver.remote.webelement.WebElement (session=""c8f4f7b4a374e6a8e9b84843a58894f0"", element=""a1a8a992-45e5-482f-8a17-c203e997fd90"")>","<selenium.webdriver.remote.webelement.WebElement (session=""c8f4f7b4a374e6a8e9b84843a58894f0"", element=""a1a8a992-45e5-482f-8a17-c203e997fd90"")>","<selenium.webdriver.remote.webelement.WebElement (session=""c8f4f7b4a374e6a8e9b84843a58894f0"", element=""a1a8a992-45e5-482f-8a17-c203e997fd90"")>","<selenium.webdriver.remote.webelement.WebElement (session=""c8f4f7b4a374e6a8e9b84843a58894f0"", element=""a1a8a992-45e5-482f-8a17-c203e997fd90"")>","<selenium.webdriver.remote.webelement.WebElement (session=""c8f4f7b4a374e6a8e9b84843a58894f0"", element=""a1a8a992-45e5-482f-8a17-c203e997fd90"")>","<selenium.webdriver.remote.webelement.WebElement (session=""c8f4f7b4a374e6a8e9b84843a58894f0"", element=""a1a8a992-45e5-482f-8a17-c203e997fd90"")>"
"<selenium.webdriver.remote.webelement.WebElement (session=""c8f4f7b4a374e6a8e9b84843a58894f0"", element=""d28ab6ea-f887-45d4-b3e3-7ada2b48af88"")>","<selenium.webdriver.remote.webelement.WebElement (session=""c8f4f7b4a374e6a8e9b84843a58894f0"", element=""d28ab6ea-f887-45d4-b3e3-7ada2b48af88"")>","<selenium.webdriver.remote.webelement.WebElement (session=""c8f4f7b4a374e6a8e9b84843a58894f0"", element=""d28ab6ea-f887-45d4-b3e3-7ada2b48af88"")>","<selenium.webdriver.remote.webelement.WebElement (session=""c8f4f7b4a374e6a8e9b84843a58894f0"", element=""d28ab6ea-f887-45d4-b3e3-7ada2b48af88"")>","<selenium.webdriver.remote.webelement.WebElement (session=""c8f4f7b4a374e6a8e9b84843a58894f0"", element=""d28ab6ea-f887-45d4-b3e3-7ada2b48af88"")>","<selenium.webdriver.remote.webelement.WebElement (session=""c8f4f7b4a374e6a8e9b84843a58894f0"", element=""d28ab6ea-f887-45d4-b3e3-7ada2b48af88"")>","<selenium.webdriver.remote.webelement.WebElement (session=""c8f4f7b4a374e6a8e9b84843a58894f0"", element=""d28ab6ea-f887-45d4-b3e3-7ada2b48af88"")>","<selenium.webdriver.remote.webelement.WebElement (session=""c8f4f7b4a374e6a8e9b84843a58894f0"", element=""d28ab6ea-f887-45d4-b3e3-7ada2b48af88"")>","<selenium.webdriver.remote.webelement.WebElement (session=""c8f4f7b4a374e6a8e9b84843a58894f0"", element=""d28ab6ea-f887-45d4-b3e3-7ada2b48af88"")>","<selenium.webdriver.remote.webelement.WebElement (session=""c8f4f7b4a374e6a8e9b84843a58894f0"", element=""d28ab6ea-f887-45d4-b3e3-7ada2b48af88"")>","<selenium.webdriver.remote.webelement.WebElement (session=""c8f4f7b4a374e6a8e9b84843a58894f0"", element=""d28ab6ea-f887-45d4-b3e3-7ada2b48af88"")>"
"<selenium.webdriver.remote.webelement.WebElement (session=""c8f4f7b4a374e6a8e9b84843a58894f0"", element=""27f1c0a6-b30f-488a-b498-c0071a9024f2"")>","<selenium.webdriver.remote.webelement.WebElement (session=""c8f4f7b4a374e6a8e9b84843a58894f0"", element=""27f1c0a6-b30f-488a-b498-c0071a9024f2"")>","<selenium.webdriver.remote.webelement.WebElement (session=""c8f4f7b4a374e6a8e9b84843a58894f0"", element=""27f1c0a6-b30f-488a-b498-c0071a9024f2"")>","<selenium.webdriver.remote.webelement.WebElement (session=""c8f4f7b4a374e6a8e9b84843a58894f0"", element=""27f1c0a6-b30f-488a-b498-c0071a9024f2"")>","<selenium.webdriver.remote.webelement.WebElement (session=""c8f4f7b4a374e6a8e9b84843a58894f0"", element=""27f1c0a6-b30f-488a-b498-c0071a9024f2"")>","<selenium.webdriver.remote.webelement.WebElement (session=""c8f4f7b4a374e6a8e9b84843a58894f0"", element=""27f1c0a6-b30f-488a-b498-c0071a9024f2"")>","<selenium.webdriver.remote.webelement.WebElement (session=""c8f4f7b4a374e6a8e9b84843a58894f0"", element=""27f1c0a6-b30f-488a-b498-c0071a9024f2"")>","<selenium.webdriver.remote.webelement.WebElement (session=""c8f4f7b4a374e6a8e9b84843a58894f0"", element=""27f1c0a6-b30f-488a-b498-c0071a9024f2"")>","<selenium.webdriver.remote.webelement.WebElement (session=""c8f4f7b4a374e6a8e9b84843a58894f0"", element=""27f1c0a6-b30f-488a-b498-c0071a9024f2"")>","<selenium.webdriver.remote.webelement.WebElement (session=""c8f4f7b4a374e6a8e9b84843a58894f0"", element=""27f1c0a6-b30f-488a-b498-c0071a9024f2"")>","<selenium.webdriver.remote.webelement.WebElement (session=""c8f4f7b4a374e6a8e9b84843a58894f0"", element=""27f1c0a6-b30f-488a-b498-c0071a9024f2"")>"
